0	0
0.02627	0
0.05254	0
0.07881	0
0.10508	0
0.13135	0
0.15762	0
0.18389	0
0.21016	0
0.23643	0
0.2627	0
0.28897	0
0.31524	0
0.34151	0
0.36778	0
0.39405	0
0.42032	0
0.44659	0
0.47286	0
0.49913	0
0.5254	0
0.55167	0
0.57794	0
0.60421	0
0.63048	0
0.65675	0
0.68302	0
0.70929	0
0.73556	0
0.76183	0
0.7881	0
0.81437	0
0.84064	0
0.86691	0
0.89318	0
0.91945	0
0.94572	0
0.97199	0
0.99826	0
1.02453	0
1.0508	0
1.07707	0
1.10334	0
1.12961	0
1.15588	0
1.18215	0
1.20842	0
1.23469	0
1.26096	0
1.28723	0
1.3135	0
1.33977	0
1.36604	0
1.39231	0
1.41858	0
1.44485	0
1.47112	0
1.49739	0
1.52366	0
1.54993	0
1.5762	0
1.60247	0
1.62874	0
1.65501	0
1.68128	0
1.70755	0
1.73382	0
1.76009	0
1.78636	0
1.81263	0
1.8389	0
1.86517	0
1.89144	0
1.91771	0
1.94398	0
1.97025	0
1.99652	0
2.02279	0
2.04906	0
2.07533	0
2.1016	0
2.12787	0
2.15414	0
2.18041	0
2.20668	0
2.23295	0
2.25922	0
2.28549	0
2.31176	0
2.33803	0
2.3643	0
2.39057	0
2.41684	0
2.44311	0
2.46938	0
2.49565	0
2.52192	0
2.54819	0
2.57446	0
2.60073	0
2.627	0
2.65327	0
2.67954	0
2.70581	0
2.73208	0
2.75835	0
2.78462	0
2.81089	0
2.83716	0
2.86343	0
2.8897	0
2.91597	0
2.94224	0
2.96851	0
2.99478	0
3.02105	0
3.04732	0
3.07359	0
3.09986	0
3.12613	0
3.1524	0
3.17867	0
3.20494	0
3.23121	0
3.25748	0
3.28375	0
3.31002	0
3.33629	0
3.36256	0
3.38883	0
3.4151	0
3.44137	0
3.46764	0
3.49391	0
3.52018	0
3.54645	0
3.57272	0
3.59899	0
3.62526	0
3.65153	0
3.6778	0
3.70407	0
3.73034	0
3.75661	0
3.78288	0
3.80915	0
3.83542	0
3.86169	0
3.88796	0
3.91423	0
3.9405	0
3.96677	0
3.99304	0
4.01931	0
4.04558	0
4.07185	0
4.09812	0
4.12439	0
4.15066	0
4.17693	0
4.2032	0
4.22947	0
4.25574	0
4.28201	0
4.30828	0
4.33455	0
4.36082	0
4.38709	0
4.41336	0
4.43963	0
4.4659	0
4.49217	0
4.51844	0
4.54471	0
4.57098	0
4.59725	0
4.62352	0
4.64979	0
4.67606	0
4.70233	0
4.7286	0
4.75487	0
4.78114	0
4.80741	0
4.83368	0
4.85995	0
4.88622	0
4.91249	0
4.93876	0
4.96503	0
4.9913	0
5.01757	0
5.04384	0
5.07011	0
5.09638	0
5.12265	7.0294
5.14892	12.0448
5.17519	12.4972
5.20146	12.9756
5.22773	13.482
5.254	14.0186
5.28027	14.588
5.30654	15.1927
5.33281	15.8358
5.35908	16.5206
5.38535	17.2508
5.41162	18.0304
5.43789	18.8642
5.46416	19.7571
5.49043	20.715
5.5167	21.7441
5.54297	22.852
5.56924	24.0466
5.59551	25.3374
5.62178	33.4843
5.64805	35.2517
5.67432	37.1661
5.70059	39.2445
5.72686	41.5065
5.75313	43.9749
5.7794	46.6759
5.80567	49.6403
5.83194	52.9041
5.85821	56.5098
5.88448	60.5078
5.91075	64.9584
5.93702	69.9337
5.96329	75.5214
5.98956	81.8282
6.01583	88.9854
6.0421	97.1563
6.06837	106.546
6.09464	117.413
6.12091	130.091
6.14718	145.015
6.17345	162.756
6.19972	184.085
6.22599	210.054
6.25226	242.134
6.27853	282.43
6.3048	334.038
6.33107	401.657
6.35734	492.691
6.38361	619.382
6.40988	803.691
6.43615	1090.99
6.46242	1587.52
6.48869	2529.38
6.51496	4316.14
6.54123	7213.87
6.5675	9871.19
6.59377	10000
6.62004	8291.54
6.64631	5460.96
6.67258	3250.41
6.69885	2005.8
6.72512	1360.62
6.75139	1016.63
6.77766	820.089
6.80393	705.065
6.8302	644.077
6.85647	626.18
6.88274	650.311
6.90901	725.438
6.93528	878.375
6.96155	1179.9
6.98782	1797.57
7.01409	3024.09
7.04036	5070.59
7.06663	6912.3
7.0929	6015.42
7.11917	3758.34
7.14544	2158
7.17171	1295.65
7.19798	857.224
7.22425	617.875
7.25052	470.95
7.27679	372.596
7.30306	303.138
7.32933	252.184
7.3556	213.644
7.38187	183.741
7.40814	160.033
7.43441	140.887
7.46068	125.176
7.48695	112.106
7.51322	101.1
7.53949	91.7321
7.56576	83.6837
7.59203	76.7101
7.6183	70.6219
7.64457	65.2705
7.67084	60.5377
7.69711	56.3285
7.72338	52.5658
7.74965	49.1865
7.77592	46.1385
7.80219	43.3784
7.82846	40.87
7.85473	38.5825
7.881	36.4899
7.90727	34.57
7.93354	32.8036
7.95981	31.1745
7.98608	29.6682
8.01235	28.2725
8.03862	20.1965
8.06489	19.226
8.09116	13.6586
8.11743	12.9822
8.1437	12.3548
8.16997	11.7718
8.19624	11.229
8.22251	10.7229
8.24878	10.2503
8.27505	9.80824
8.30132	9.39414
8.32759	9.00571
8.35386	8.64087
8.38013	8.29775
8.4064	7.97466
8.43267	7.67007
8.45894	7.3826
8.48521	7.11098
8.51148	6.85408
8.53775	6.61084
8.56402	0
8.59029	0
8.61656	0
8.64283	0
8.6691	0
8.69537	0
8.72164	0
8.74791	0
8.77418	0
8.80045	0
8.82672	0
8.85299	0
8.87926	0
8.90553	0
8.9318	0
8.95807	0
8.98434	0
9.01061	0
9.03688	0
9.06315	0
9.08942	0
9.11569	0
9.14196	0.0289784
9.16823	0.0300603
9.1945	0.0312039
9.22077	0.032414
9.24704	0.0336959
9.27331	0.0350553
9.29958	0.0364986
9.32585	0.0380329
9.35212	0.0396659
9.37839	0.0414063
9.40466	0.0432638
9.43093	0.0452491
9.4572	0.0473741
9.48347	8.68562
9.50974	9.00638
9.53601	9.34524
9.56228	9.70361
9.58855	10.083
9.61482	10.4851
9.64109	10.9117
9.66736	11.3649
9.69363	13.9782
9.7199	14.5714
9.74617	15.2033
9.77244	16.4617
9.79871	17.2035
9.82498	17.9969
9.85125	18.8466
9.87752	19.7584
9.90379	20.7382
9.93006	21.7933
9.95633	22.9315
9.9826	24.1618
10.0089	25.4946
10.0351	26.9416
10.0614	28.5165
10.0877	30.2348
10.114	32.1148
10.1402	34.1776
10.1665	36.4483
10.1928	38.956
10.219	41.7359
10.2453	44.8295
10.2716	48.2876
10.2978	52.1718
10.3241	56.5585
10.3504	61.544
10.3767	67.2516
10.4029	73.8446
10.4292	81.5506
10.4555	90.7215
10.4817	101.987
10.508	123.83
10.5343	143.631
10.5605	169.441
10.5868	197.447
10.6131	215.939
10.6394	237.387
10.6656	270.476
10.6919	318.122
10.7182	384.198
10.7444	476.267
10.7707	608.374
10.797	808.01
10.8232	1137.55
10.8495	1748.18
10.8758	2950.04
10.9021	5148.58
10.9283	8096.1
10.9546	8906.34
10.9809	6358.41
11.0071	3843.16
11.0334	2455.77
11.0597	1943.77
11.0859	2037.83
11.1122	2533.96
11.1385	2776.8
11.1648	2244.11
11.191	1698.57
11.2173	1399.29
11.2436	1067.68
11.2698	738.75
11.2961	522.122
11.3224	395.841
11.3486	321.59
11.3749	274.82
11.4012	243.456
11.4275	221.925
11.4537	207.396
11.48	198.286
11.5063	193.695
11.5325	193.177
11.5588	198.097
11.5851	205.76
11.6113	218.104
11.6376	236.04
11.6639	261.02
11.6902	295.546
11.7164	342.652
11.7427	408.206
11.769	502.312
11.7952	640.296
11.8215	857.29
11.8478	1234.83
11.874	1960.21
11.9003	3361.45
11.9266	5695.41
11.9529	7927.51
11.9791	7410.24
12.0054	5593.27
12.0317	4221.26
12.0579	2848.84
12.0842	1771.6
12.1105	1132.52
12.1367	777.874
12.163	573.246
12.1893	444.606
12.2156	357.093
12.2418	294.395
12.2681	247.889
12.2944	212.471
12.3206	184.923
12.3469	163.128
12.3732	145.653
12.3994	131.499
12.4257	119.957
12.452	102.361
12.4783	94.9291
12.5045	88.9456
12.5308	84.221
12.5571	80.6282
12.5833	78.0941
12.6096	74.562
12.6359	74.2017
12.6621	74.9983
12.6884	77.3741
12.7147	80.5784
12.741	86.6661
12.7672	95.3266
12.7935	107.969
12.8198	126.591
12.846	154.862
12.8723	200.716
12.8986	282.972
12.9248	443.929
12.9511	750.8
12.9774	1228.61
13.0037	1560.02
13.0299	1273.02
13.0562	821.076
13.0825	554.432
13.1087	469.774
13.135	505.444
13.1613	563.036
13.1875	598.075
13.2138	724.537
13.2401	892.189
13.2664	797.922
13.2926	525.236
13.3189	322.296
13.3452	210.472
13.3714	153.513
13.3977	123.832
13.424	107.112
13.4502	95.1842
13.4765	98.7552
13.5028	114.748
13.5291	158.77
13.5553	245.499
13.5816	370.292
13.6079	419.251
13.6341	310.827
13.6604	191.827
13.6867	118.534
13.7129	80.5393
13.7392	60.8562
13.7655	49.675
13.7918	42.7513
13.818	38.3347
13.8443	35.6128
13.8706	34.1776
13.8968	33.8475
13.9231	34.604
13.9494	36.5835
13.9756	40.1208
14.0019	45.8717
14.0282	55.153
14.0545	70.9376
14.0807	100.249
14.107	157.342
14.1333	261.408
14.1595	403.202
14.1858	480.884
14.2121	428.798
14.2383	299.607
14.2646	204.217
14.2909	166.947
14.3172	153.449
14.3434	120.585
14.3697	83.6098
14.396	59.3249
14.4222	45.6085
14.4485	37.927
14.4748	31.9493
14.501	29.1768
14.5273	27.515
14.5536	26.6599
14.5799	26.4508
14.6061	26.8088
14.6324	27.4678
14.6587	28.9515
14.6849	31.0888
14.7112	35.2397
14.7375	38.6809
14.7637	44.6844
14.79	53.4527
14.8163	65.408
14.8426	77.321
14.8688	86.5966
14.8951	100.038
14.9214	123.167
14.9476	161.465
14.9739	226.909
15.0002	345.998
15.0264	567.178
15.0527	935.036
15.079	1432.17
15.1053	1868.71
15.1315	1637.74
15.1578	1027.76
15.1841	587.288
15.2103	348.539
15.2366	227.231
15.2629	161.531
15.2891	121.66
15.3154	95.2992
15.3417	76.9413
15.368	63.693
15.3942	53.8653
15.4205	46.4143
15.4468	40.6686
15.473	36.1825
15.4993	32.6521
15.5256	29.8659
15.5518	27.6746
15.5781	25.9721
15.6044	24.6836
15.6307	23.7795
15.6569	23.1935
15.6832	22.4389
15.7095	22.4827
15.7357	22.8487
15.762	23.5677
15.7883	24.6158
15.8145	26.2505
15.8408	28.5521
15.8671	31.7598
15.8934	36.0925
15.9196	41.3314
15.9459	47.3953
15.9722	55.7533
15.9984	68.0273
16.0247	86.3046
16.051	114.66
16.0772	162.614
16.1035	253.285
16.1298	432.915
16.1561	757.824
16.1823	1170.45
16.2086	1229.7
16.2349	841.155
16.2611	484.752
16.2874	279.382
16.3137	174.879
16.3399	120.395
16.3662	88.674
16.3925	68.2303
16.4187	54.193
16.445	44.143
16.4713	36.7115
16.4976	31.0676
16.5238	26.7128
16.5501	23.0489
16.5764	20.2658
16.6026	16.3392
16.6289	14.5264
16.6552	13.025
16.6815	12.0315
16.7077	10.9931
16.734	10.1252
16.7603	9.40346
16.7865	8.8109
16.8128	8.56303
16.8391	8.21521
16.8653	7.99197
16.8916	7.91419
16.9179	8.02715
16.9442	8.4305
16.9704	9.36489
16.9967	11.3932
17.023	15.582
17.0492	22.8449
17.0755	30.7185
17.1018	31.2331
17.128	26.8918
17.1543	20.6549
17.1806	14.4734
17.2069	10.5659
17.2331	8.47367
17.2594	7.38314
17.2857	6.80087
17.3119	6.49592
17.3382	6.37041
17.3645	6.3826
17.3907	6.51501
17.417	6.77294
17.4433	7.17047
17.4696	7.7413
17.4958	8.54737
17.5221	9.68513
17.5484	12.066
17.5746	14.6478
17.6009	19.0276
17.6272	27.2538
17.6534	42.9048
17.6797	68.7217
17.706	92.137
17.7323	88.4976
17.7585	65.987
17.7848	44.2159
17.8111	31.3618
17.8373	25.7287
17.8636	26.1302
17.8899	27.9363
17.9161	33.1286
17.9424	43.0826
17.9687	58.0905
17.995	71.1479
18.0212	79.6692
18.0475	102.58
18.0738	156.502
18.1	240.93
18.1263	286.411
18.1526	227.647
18.1788	157.595
18.2051	127.58
18.2314	140.578
18.2577	194.736
18.2839	261.821
18.3102	249.012
18.3365	170.463
18.3627	109.453
18.389	77.708
18.4153	65.6395
18.4415	66.6108
18.4678	79.4021
18.4941	102.981
18.5204	128.423
18.5466	160.369
18.5729	197.159
18.5992	199.106
18.6254	151.553
18.6517	104.055
18.678	73.997
18.7042	58.4839
18.7305	51.9057
18.7568	50.341
18.7831	52.077
18.8093	56.8179
18.8356	64.7442
18.8619	77.2138
18.8881	96.9848
18.9144	130.601
18.9407	192.625
18.9669	311.679
18.9932	521.216
19.0195	771.317
19.0458	780.954
19.072	547.26
19.0983	354.453
19.1246	258.017
19.1508	229.25
19.1771	246.649
19.2034	314.651
19.2296	471.599
19.2559	790.373
19.2822	1315.82
19.3085	1751.16
19.3347	1477.83
19.361	910.456
19.3873	520.542
19.4135	312.35
19.4398	206.696
19.4661	148.599
19.4923	112.838
19.5186	88.9294
19.5449	72.0978
19.5712	59.8259
19.5974	50.3782
19.6237	43.3336
19.65	37.8406
19.6762	33.505
19.7025	30.0614
19.7288	27.3321
19.755	25.2056
19.7813	23.7703
19.8076	22.577
19.8339	22.4115
19.8601	23.6511
19.8864	26.7531
19.9127	31.3814
19.9389	33.0021
19.9652	30.6212
19.9915	29.4476
20.0177	29.6402
20.044	32.0319
20.0703	38.1935
20.0966	43.9484
20.1228	41.8041
20.1491	39.0718
20.1754	43.0569
20.2016	57.7449
20.2279	87.6621
20.2542	129.139
20.2804	144.387
20.3067	122.658
20.333	114.573
20.3593	139.603
20.3855	178.938
20.4118	170.506
20.4381	118.198
20.4643	73.0131
20.4906	46.7691
20.5169	33.2195
20.5431	25.599
20.5694	21.6389
20.5957	19.3769
20.622	18.6882
20.6482	18.4513
20.6745	19.0643
20.7008	20.6575
20.727	23.6006
20.7533	28.7743
20.7796	36.7145
20.8058	55.8594
20.8321	92.97
20.8584	153.062
20.8847	202.469
20.9109	174.465
20.9372	117.182
20.9635	78.3897
20.9897	53.6964
21.016	38.9309
21.0423	31.4063
21.0685	28.3527
21.0948	28.3581
21.1211	31.2557
21.1474	38.3323
21.1736	53.1662
21.1999	82.2371
21.2262	130.46
21.2524	179.994
21.2787	192.144
21.305	183.007
21.3312	163.016
21.3575	114.892
21.3838	72.592
21.4101	48.0025
21.4363	35.436
21.4626	29.2321
21.4889	26.3277
21.5151	25.4751
21.5414	26.3465
21.5677	29.1428
21.5939	34.933
21.6202	46.4729
21.6465	69.656
21.6728	112.4
21.699	171.482
21.7253	195.247
21.7516	148.979
21.7778	98.1281
21.8041	69.8377
21.8304	59.1628
21.8566	59.6143
21.8829	69.2074
21.9092	92.1822
21.9355	137.694
21.9617	218.596
21.988	321.448
22.0143	397.851
22.0405	484.203
22.0668	522.182
22.0931	390.745
22.1193	236.464
22.1456	140.919
22.1719	91.2302
22.1982	66.0666
22.2244	52.8039
22.2507	46.2832
22.277	45.5056
22.3032	52.3309
22.3295	70.2952
22.3558	97.554
22.382	106.953
22.4083	80.6536
22.4346	52.2674
22.4609	35.1883
22.4871	26.6043
22.5134	22.7755
22.5397	21.4821
22.5659	21.4538
22.5922	22.8016
22.6185	25.4448
22.6447	25.3132
22.671	21.2382
22.6973	17.7278
22.7236	15.901
22.7498	15.6919
22.7761	16.2052
22.8024	17.9519
22.8286	21.7084
22.8549	27.7172
22.8812	31.7919
22.9074	29.0501
22.9337	24.852
22.96	22.8355
22.9863	22.7687
23.0125	23.9965
23.0388	26.1715
23.0651	29.2697
23.0913	33.603
23.1176	39.431
23.1439	47.8792
23.1701	61.3156
23.1964	82.5837
23.2227	117.124
23.249	162.38
23.2752	199.955
23.3015	247.757
23.3278	341.273
23.354	448.289
23.3803	526.218
23.4066	682.715
23.4328	920.202
23.4591	998.95
23.4854	866.908
23.5117	614.095
23.5379	405.796
23.5642	270.905
23.5905	182.352
23.6167	130.314
23.643	101.546
23.6693	86.3546
23.6955	78.7891
23.7218	74.6921
23.7481	75.3308
23.7744	84.9676
23.8006	109.278
23.8269	151.985
23.8532	192.893
23.8794	189.718
23.9057	179.933
23.932	212.17
23.9582	296.157
23.9845	387.477
24.0108	402.995
24.0371	373.657
24.0633	306.536
24.0896	223.662
24.1159	179.879
24.1421	182.875
24.1684	228.377
24.1947	287.522
24.2209	310.266
24.2472	304.585
24.2735	297.834
24.2998	280.447
24.326	211.737
24.3523	148.08
24.3786	114.433
24.4048	101.194
24.4311	96.4489
24.4574	97.292
24.4836	110.791
24.5099	147.108
24.5362	223.082
24.5625	352.687
24.5887	505.336
24.615	583.02
24.6413	469.385
24.6675	307.325
24.6938	215.468
24.7201	191.361
24.7463	198.707
24.7726	176.042
24.7989	127.945
24.8252	93.003
24.8514	75.6148
24.8777	70.2741
24.904	73.9774
24.9302	88.236
24.9565	122.424
24.9828	193.164
25.009	308.426
25.0353	399.154
25.0616	336.424
25.0879	218.079
25.1141	141.944
25.1404	109.834
25.1667	108.548
25.1929	125.471
25.2192	130.321
25.2455	106.001
25.2717	82.628
25.298	72.3538
25.3243	73.9741
25.3506	87.6415
25.3768	118.931
25.4031	175.593
25.4294	248.547
25.4556	291.113
25.4819	327.077
25.5082	400.847
25.5344	463.322
25.5607	487.654
25.587	450.605
25.6133	352.544
25.6395	249.16
25.6658	185.593
25.6921	151.14
25.7183	116.798
25.7446	90.4216
25.7709	78.4447
25.7971	80.9496
25.8234	101.263
25.8497	143.917
25.876	196.72
25.9022	197.555
25.9285	148.355
25.9548	113.012
25.981	107.523
26.0073	134.78
26.0336	197.827
26.0598	268.414
26.0861	251.412
26.1124	170.687
26.1387	109.359
26.1649	77.078
26.1912	62.3467
26.2175	56.6306
26.2437	57.0464
26.27	63.6556
26.2963	79.9023
26.3225	112.635
26.3488	169.669
26.3751	239.352
26.4014	279.368
26.4276	329.955
26.4539	428.314
26.4802	469.853
26.5064	374.642
26.5327	240.557
26.559	152.509
26.5852	110.346
26.6115	98.4888
26.6378	109.883
26.6641	140.944
26.6903	174.386
26.7166	196.903
26.7429	177.917
26.7691	121.673
26.7954	77.6011
26.8217	52.6869
26.8479	39.7924
26.8742	32.888
26.9005	29.249
26.9268	27.033
26.953	25.8268
26.9793	25.7299
27.0056	26.5126
27.0318	28.0483
27.0581	30.9297
27.0844	35.2845
27.1106	42.054
27.1369	52.6561
27.1632	70.3801
27.1895	104.421
27.2157	162.84
27.242	258.056
27.2683	381.908
27.2945	501.26
27.3208	488.158
27.3471	373.285
27.3733	308.013
27.3996	281.954
27.4259	217.352
27.4522	145.937
27.4784	102.833
27.5047	82.8941
27.531	75.963
27.5572	75.5466
27.5835	66.9531
27.6098	52.6019
27.636	42.345
27.6623	37.015
27.6886	35.0528
27.7149	35.5418
27.7411	38.1028
27.7674	43.7753
27.7937	55.3455
27.8199	78.6325
27.8462	121.106
27.8725	177.222
27.8987	191.89
27.925	145.405
27.9513	102.116
27.9776	82.0964
28.0038	82.7192
28.0301	101.599
28.0564	132.042
28.0826	144.66
28.1089	133.075
28.1352	121.149
28.1614	110.669
28.1877	113.347
28.214	138.675
28.2403	192.393
28.2665	265.876
28.2928	319.016
28.3191	375.385
28.3453	434.747
28.3716	391.967
28.3979	295.925
28.4241	240.668
28.4504	235.808
28.4767	276.741
28.503	375.241
28.5292	563.695
28.5555	871.146
28.5818	1279.95
28.608	1855.57
28.6343	2260.81
28.6606	1807.68
28.6868	1101.01
28.7131	639.615
28.7394	397.521
28.7657	276.739
28.7919	213.899
28.8182	179.655
28.8445	163.021
28.8707	154.684
28.897	149.56
28.9233	160.701
28.9495	205.444
28.9758	303.424
29.0021	447.191
29.0284	502.535
29.0546	384.031
29.0809	258.506
29.1072	191.079
29.1334	175.071
29.1597	191.393
29.186	188.126
29.2122	143.686
29.2385	102.287
29.2648	78.9901
29.2911	67.8277
29.3173	64.0278
29.3436	67.3839
29.3699	73.4206
29.3961	68.8426
29.4224	57.1451
29.4487	48.9251
29.4749	45.1529
29.5012	44.484
29.5275	45.9666
29.5538	49.5012
29.58	55.8751
29.6063	67.738
29.6326	90.1655
29.6588	129.171
29.6851	177.643
29.7114	187.797
29.7376	154.42
29.7639	128.995
29.7902	124.698
29.8165	139.581
29.8427	176.105
29.869	248.069
29.8953	377.629
29.9215	569.032
29.9478	754.076
29.9741	951.318
30.0003	1098.05
30.0266	940.942
30.0529	735.737
30.0792	698.223
30.1054	826.947
30.1317	1037.61
30.158	1055.68
30.1842	790.397
30.2105	507.316
30.2368	339.51
30.263	264.347
30.2893	241.159
30.3156	246.435
30.3419	288.75
30.3681	366.13
30.3944	410.218
30.4207	407.899
30.4469	473.645
30.4732	652.601
30.4995	827.825
30.5257	754.956
30.552	573.749
30.5783	507.887
30.6046	613.791
30.6308	891.01
30.6571	1148.35
30.6834	986.129
30.7096	626.564
30.7359	375.408
30.7622	243.67
30.7884	183.602
30.8147	159.278
30.841	143.99
30.8673	127.845
30.8935	122.021
30.9198	123.804
30.9461	108.387
30.9723	81.8359
30.9986	61.6181
31.0249	48.9768
31.0511	41.6099
31.0774	37.3532
31.1037	35.1302
31.13	34.8232
31.1562	37.1581
31.1825	43.4621
31.2088	53.4795
31.235	60.0436
31.2613	57.1397
31.2876	51.3653
31.3138	51.8045
31.3401	62.7893
31.3664	83.8664
31.3927	99.0032
31.4189	91.3175
31.4452	85.6754
31.4715	101.944
31.4977	148.614
31.524	209.012
31.5503	210.484
31.5765	149.438
31.6028	99.1995
31.6291	75.221
31.6554	70.4881
31.6816	74.52
31.7079	74.1441
31.7342	79.0208
31.7604	102.195
31.7867	138.632
31.813	146.466
31.8392	111.132
31.8655	79.5803
31.8918	68.0522
31.9181	72.9849
31.9443	78.3268
31.9706	66.0576
31.9969	51.1112
32.0231	43.4
32.0494	43.4841
32.0757	49.7492
32.1019	61.7155
32.1282	77.7777
32.1545	93.3861
32.1808	118.028
32.207	159.703
32.2333	211.153
32.2596	291.869
32.2858	409.269
32.3121	442.484
32.3384	318.222
32.3646	191.624
32.3909	118.137
32.4172	82.4492
32.4434	63.3895
32.4697	49.7848
32.496	41.0208
32.5223	36.4566
32.5485	35.2011
32.5748	37.123
32.6011	43.4359
32.6273	57.7062
32.6536	86.5735
32.6799	135.051
32.7062	193.115
32.7324	212.792
32.7587	161.002
32.785	102.759
32.8112	65.9349
32.8375	46.7829
32.8638	37.9437
32.89	35.0087
32.9163	36.5807
32.9426	42.8564
32.9689	52.1088
32.9951	55.8053
33.0214	54.5327
33.0477	59.3266
33.0739	78.4952
33.1002	119.892
33.1265	193.723
33.1527	276.673
33.179	274.759
33.2053	211.657
33.2315	183.64
33.2578	208.836
33.2841	250.505
33.3104	250.886
33.3366	219.213
33.3629	158.835
33.3892	108.838
33.4154	86.195
33.4417	84.2022
33.468	85.9161
33.4943	79.1081
33.5205	74.424
33.5468	76.2435
33.5731	87.1551
33.5993	91.5359
33.6256	71.9319
33.6519	50.9837
33.6781	40.0306
33.7044	37.9936
33.7307	41.263
33.757	41.8435
33.7832	37.6711
33.8095	37.223
33.8358	39.0776
33.862	35.7163
33.8883	30.3473
33.9146	28.1196
33.9408	28.3004
33.9671	28.9975
33.9934	31.5936
34.0197	38.259
34.0459	51.4771
34.0722	73.3093
34.0985	100.892
34.1247	128.914
34.151	138.346
34.1773	135.095
34.2035	157.047
34.2298	206.378
34.2561	235.121
34.2824	190.415
34.3086	129.762
34.3349	94.0187
34.3612	80.4211
34.3874	81.353
34.4137	93.6254
34.44	119.965
34.4662	173.117
34.4925	281.444
34.5188	475.718
34.5451	710.16
34.5713	725.756
34.5976	519.385
34.6239	364.441
34.6501	317.142
34.6764	313.026
34.7027	273.538
34.7289	197.435
34.7552	133.041
34.7815	97.6942
34.8078	81.6472
34.834	73.4429
34.8603	68.8772
34.8866	63.0833
34.9128	57.8855
34.9391	53.4093
34.9654	50.0373
34.9916	52.9543
35.0179	67.2757
35.0442	100.126
35.0705	154.449
35.0967	196.065
35.123	164.308
35.1493	108.526
35.1755	73.4782
35.2018	56.9054
35.2281	47.3222
35.2543	42.6412
35.2806	44.5945
35.3069	51.2603
35.3332	55.0852
35.3594	51.6402
35.3857	45.3246
35.412	42.2261
35.4382	38.512
35.4645	34.5571
35.4908	33.6393
35.517	36.3204
35.5433	43.4675
35.5696	58.336
35.5959	88.3019
35.6221	140.824
35.6484	202.917
35.6747	207.464
35.7009	151.876
35.7272	104.688
35.7535	82.3847
35.7797	78.9407
35.806	90.37
35.8323	120.521
35.8586	180.573
35.8848	285.642
35.9111	427.498
35.9374	478.004
35.9636	367.795
35.9899	249.767
36.0162	195.532
36.0424	192.922
36.0687	192.111
36.095	161.723
36.1213	140.269
36.1475	151.246
36.1738	202.707
36.2001	285.886
36.2263	328.72
36.2526	305.915
36.2789	284.526
36.3051	240.802
36.3314	196.383
36.3577	188.892
36.384	215.046
36.4102	266.617
36.4365	301.9
36.4628	298.837
36.489	292.726
36.5153	287.894
36.5416	327.188
36.5678	400.203
36.5941	404.045
36.6204	348.525
36.6467	296.881
36.6729	256.624
36.6992	257.77
36.7255	293.26
36.7517	294.386
36.778	222.747
36.8043	146.719
36.8305	99.7186
36.8568	75.848
36.8831	65.3487
36.9094	62.5889
36.9356	66.1776
36.9619	78.3677
36.9882	103.889
37.0144	146.752
37.0407	212.927
37.067	287.606
37.0932	278.795
37.1195	203.557
37.1458	154.444
37.1721	146.641
37.1983	160.754
37.2246	175.565
37.2509	172.37
37.2771	145.755
37.3034	134.016
37.3297	155.008
37.3559	219.358
37.3822	316.03
37.4085	344.288
37.4348	263.785
37.461	189.214
37.4873	151.955
37.5136	142.595
37.5398	146.505
37.5661	158.818
37.5924	162.961
37.6186	164.647
37.6449	165.103
37.6712	148.199
37.6975	131.248
37.7237	117.995
37.75	111.324
37.7763	124.065
37.8025	164.843
37.8288	221.587
37.8551	238.761
37.8813	181.756
37.9076	122.927
37.9339	92.9562
37.9602	88.5904
37.9864	107.937
38.0127	152.5
38.039	205.854
38.0652	225.61
38.0915	235.027
38.1178	231.514
38.144	175.72
38.1703	114.964
38.1966	77.4926
38.2229	60.7461
38.2491	57.0247
38.2754	59.2323
38.3017	62.0114
38.3279	54.3875
38.3542	41.8904
38.3805	33.857
38.4067	30.8568
38.433	31.2411
38.4593	33.5997
38.4856	40.304
38.5118	54.1685
38.5381	79.3916
38.5644	109.757
38.5906	116.345
38.6169	104.248
38.6432	105.457
38.6694	136.364
38.6957	198.898
38.722	242.786
38.7483	200.299
38.7745	139.454
38.8008	107.878
38.8271	93.7643
38.8533	77.5824
38.8796	67.1155
38.9059	68.7115
38.9321	81.1131
38.9584	95.143
38.9847	112.939
39.011	139.929
39.0372	158.309
39.0635	146.219
39.0898	126.677
39.116	136.018
39.1423	180.525
39.1686	223.431
39.1948	196.826
39.2211	143.347
39.2474	116.966
39.2737	126.752
39.2999	167.352
39.3262	198.738
39.3525	163.326
39.3787	107.474
39.405	71.1328
39.4313	52.8383
39.4575	45.25
39.4838	44.413
39.5101	49.7192
39.5364	62.4451
39.5626	79.2385
39.5889	81.7087
39.6152	69.2683
39.6414	61.3309
39.6677	63.2054
39.694	73.8206
39.7202	87.7262
39.7465	100.856
39.7728	126.818
39.7991	179.053
39.8253	255.726
39.8516	318.953
39.8779	384.869
39.9041	513.339
39.9304	686.759
39.9567	737.089
39.9829	607.97
40.0092	517.953
40.0355	470.066
40.0618	370.421
40.088	283.835
40.1143	243.951
40.1406	213.078
40.1668	189.585
40.1931	183.835
40.2194	174.063
40.2456	169.274
40.2719	187.533
40.2982	190.907
40.3245	150.275
40.3507	111.493
40.377	94.2028
40.4033	97.9622
40.4295	124.86
40.4558	179.311
40.4821	241.615
40.5083	244.703
40.5346	204.007
40.5609	190.902
40.5872	218.671
40.6134	244.913
40.6397	244.046
40.666	251.442
40.6922	235.882
40.7185	198.82
40.7448	161.328
40.771	136.945
40.7973	139.947
40.8236	159.852
40.8499	164.902
40.8761	160.429
40.9024	176.361
40.9287	222.168
40.9549	297.158
40.9812	355.661
41.0075	385.391
41.0337	374.708
41.06	294.632
41.0863	195.917
41.1126	134.554
41.1388	108.629
41.1651	107.903
41.1914	128.404
41.2176	156.195
41.2439	166.896
41.2702	147.499
41.2964	118.013
41.3227	102.209
41.349	105.712
41.3753	136.293
41.4015	200.823
41.4278	276.585
41.4541	279.206
41.4803	215.341
41.5066	168.916
41.5329	159.449
41.5591	174.065
41.5854	216.215
41.6117	257.495
41.638	228.965
41.6642	170.399
41.6905	141.669
41.7168	152.727
41.743	198.835
41.7693	244.771
41.7956	246.345
41.8218	252.711
41.8481	272.534
41.8744	250.119
41.9007	213.967
41.9269	195.065
41.9532	194.535
41.9795	208.552
42.0057	223.339
42.032	246.814
42.0583	241.247
42.0845	210.35
42.1108	194.7
42.1371	167.99
42.1634	135.01
42.1896	126.928
42.2159	148.363
42.2422	180.267
42.2684	175.464
42.2947	147.94
42.321	138.73
42.3472	139.529
42.3735	129.766
42.3998	105.316
42.4261	90.6859
42.4523	95.7877
42.4786	121.623
42.5049	159.303
42.5311	181.083
42.5574	205.203
42.5837	253.492
42.6099	301.843
42.6362	331.689
42.6625	320.576
42.6888	259.115
42.715	185.799
42.7413	133.315
42.7676	96.1507
42.7938	75.7174
42.8201	70.1388
42.8464	76.9279
42.8726	93.868
42.8989	106.028
42.9252	98.6126
42.9515	91.9506
42.9777	99.3688
43.004	111.716
43.0303	117.207
43.0565	129.957
43.0828	144.829
43.1091	131.073
43.1353	106.272
43.1616	95.1259
43.1879	99.4783
43.2142	106.148
43.2404	118.863
43.2667	139.527
43.293	145.035
43.3192	139.702
43.3455	138.488
43.3718	155.154
43.398	207.399
43.4243	286.066
43.4506	332.312
43.4769	325.832
43.5031	311.405
43.5294	278.463
43.5557	234.017
43.5819	204.931
43.6082	217.395
43.6345	259.624
43.6607	282.665
43.687	272.635
43.7133	274.826
43.7396	313.232
43.7658	322.563
43.7921	252.915
43.8184	172.871
43.8446	124.617
43.8709	106.622
43.8972	110.932
43.9234	122.108
43.9497	121.355
43.976	127.183
44.0023	158.039
44.0285	203.895
44.0548	215.297
44.0811	188.753
44.1073	181.176
44.1336	191.353
44.1599	202.032
44.1861	194.624
44.2124	172.626
44.2387	132.554
44.265	90.8307
44.2912	65.2214
44.3175	53.6515
44.3438	52.3152
44.37	58.6118
44.3963	66.5335
44.4226	70.6869
44.4488	81.949
44.4751	104.436
44.5014	122.617
44.5277	119.876
44.5539	113.312
44.5802	122.092
44.6065	125.426
44.6327	115.728
44.659	116.949
44.6853	133.667
44.7115	159.961
44.7378	176.663
44.7641	187.296
44.7904	208.731
44.8166	217.578
44.8429	182.884
44.8692	152.955
44.8954	143.797
44.9217	142.367
44.948	126.91
44.9742	95.5591
45.0005	75.0089
45.0268	66.3575
45.0531	55.7596
45.0793	42.5589
45.1056	33.6868
45.1319	30.3661
45.1581	30.25
45.1844	28.3333
45.2107	24.8173
45.2369	23.5518
45.2632	25.5149
45.2895	27.2955
45.3158	25.2796
45.342	22.2963
45.3683	20.9108
45.3946	21.9117
45.4208	25.7571
45.4471	33.4331
45.4734	45.5551
45.4996	59.6076
45.5259	72.928
45.5522	82.838
45.5785	99.0128
45.6047	128.986
45.631	170.254
45.6573	181.232
45.6835	143.278
45.7098	100.89
45.7361	74.8504
45.7623	63.2115
45.7886	65.3801
45.8149	76.7368
45.8412	83.1303
45.8674	85.2746
45.8937	93.3228
45.92	95.2714
45.9462	98.1085
45.9725	118.3
45.9988	140.776
46.025	134.427
46.0513	123.085
46.0776	133.27
46.1039	161.292
46.1301	173.345
46.1564	179.927
46.1827	213.529
46.2089	259.561
46.2352	256.408
46.2615	220.596
46.2877	188.302
46.314	161.483
46.3403	129.764
46.3666	102.739
46.3928	89.6523
46.4191	95.2702
46.4454	125.818
46.4716	189.084
46.4979	269.823
46.5242	287.15
46.5504	217.766
46.5767	152.693
46.603	126.396
46.6293	132.002
46.6555	150.03
46.6818	160.113
46.7081	183.738
46.7343	223.887
46.7606	241.354
46.7869	226.706
46.8131	181.644
46.8394	150.156
46.8657	149.979
46.892	176.774
46.9182	215.891
46.9445	231.001
46.9708	199.634
46.997	168.299
47.0233	163.823
47.0496	183.998
47.0758	180.324
47.1021	137.629
47.1284	105.692
47.1547	100.258
47.1809	117.653
47.2072	137.043
47.2335	135.694
47.2597	131.541
47.286	117.967
47.3123	91.5397
47.3385	72.3584
47.3648	63.1618
47.3911	60.1198
47.4174	64.2477
47.4436	79.2647
47.4699	104.296
47.4962	125.042
47.5224	139.366
47.5487	156.833
47.575	165.088
47.6012	162.265
47.6275	162.528
47.6538	188.19
47.6801	230.893
47.7063	259.47
47.7326	291.927
47.7589	347.83
47.7851	400.278
47.8114	399.765
47.8377	350.558
47.8639	301.744
47.8902	286.55
47.9165	282.103
47.9428	265.718
47.969	216.871
47.9953	182.719
48.0216	176.216
48.0478	158.557
48.0741	132.401
48.1004	120.701
48.1266	115.206
48.1529	118.246
48.1792	125.62
48.2055	127.708
48.2317	132.732
48.258	135.007
48.2843	132.621
48.3105	122.653
48.3368	95.2483
48.3631	68.855
48.3893	54.5567
48.4156	50.1051
48.4419	52.8651
48.4682	61.3944
48.4944	79.3657
48.5207	112.209
48.547	161.093
48.5732	209.791
48.5995	259.567
48.6258	282.124
48.652	220.98
48.6783	143.164
48.7046	95.3587
48.7309	75.1046
48.7571	74.3796
48.7834	89.6333
48.8097	115.878
48.8359	128.732
48.8622	107.156
48.8885	81.952
48.9147	72.1682
48.941	76.4948
48.9673	89.4193
48.9936	116.61
49.0198	166.411
49.0461	219.848
49.0724	232.472
49.0986	204.163
49.1249	181.975
49.1512	160.865
49.1774	138.683
49.2037	130.308
49.23	137.178
49.2563	128.838
49.2825	98.3771
49.3088	73.4637
49.3351	63.8148
49.3613	69.2793
49.3876	89.6642
49.4139	120.907
49.4401	145.447
49.4664	154.041
49.4927	166.89
49.519	171.748
49.5452	142.404
49.5715	109.598
49.5978	92.083
49.624	84.3751
49.6503	73.2582
49.6766	63.0944
49.7028	59.7976
49.7291	66.1853
49.7554	84.661
49.7817	118.487
49.8079	161.084
49.8342	184.432
49.8605	180.327
49.8867	160.509
49.913	162.699
49.9393	203.578
49.9655	262.427
49.9918	262.961
50.0181	215.291
50.0444	165.456
50.0706	132.01
50.0969	112.202
50.1232	97.9187
50.1494	82.2644
50.1757	75.51
50.202	76.2385
50.2282	70.102
50.2545	59.3135
50.2808	54.9633
50.3071	56.2588
50.3333	62.9279
50.3596	72.8042
50.3859	74.4106
50.4121	64.5225
50.4384	56.3894
50.4647	52.5271
50.4909	45.1741
50.5172	37.6741
50.5435	34.217
50.5698	34.7746
50.596	39.4903
50.6223	48.5015
50.6486	62.8436
50.6748	86.1624
50.7011	115.305
50.7274	149.648
50.7536	194.285
50.7799	211.989
50.8062	202.918
50.8325	225.74
50.8587	287.995
50.885	345.975
50.9113	350.065
50.9375	310.082
50.9638	273.646
50.9901	245.937
51.0163	213.932
51.0426	197.703
51.0689	194.472
51.0952	173.252
51.1214	142.29
51.1477	127.486
51.174	112.639
51.2002	95.9884
51.2265	78.3034
51.2528	59.3805
51.279	48.1017
51.3053	45.5843
51.3316	52.5364
51.3579	68.4141
51.3841	78.4606
51.4104	65.2234
51.4367	47.8329
51.4629	38.9262
51.4892	37.8326
51.5155	39.0912
51.5417	35.3993
51.568	30.8971
51.5943	29.8214
51.6206	32.9995
51.6468	39.2539
51.6731	45.3395
51.6994	52.0417
51.7256	64.2011
51.7519	84.0611
51.7782	101.148
51.8044	112.124
51.8307	107.036
51.857	96.2848
51.8833	92.4834
51.9095	92.605
51.9358	107.024
51.9621	140.565
51.9883	186.984
52.0146	212.648
52.0409	197.778
52.0671	157.315
52.0934	124.3
52.1197	114.507
52.146	132.812
52.1722	172.865
52.1985	212.345
52.2248	239.341
52.251	219.995
52.2773	165.922
52.3036	126.993
52.3298	120.48
52.3561	138.603
52.3824	159.546
52.4087	156.247
52.4349	142.78
52.4612	142.028
52.4875	155.438
52.5137	173.871
52.54	170.761
52.5663	143.681
52.5925	126.456
52.6188	116.235
52.6451	111.321
52.6714	115.689
52.6976	124.851
52.7239	131.838
52.7502	150.537
52.7764	195.769
52.8027	227.22
52.829	194.58
52.8552	154.278
52.8815	145.358
52.9078	168.586
52.9341	216.312
52.9603	239.522
52.9866	200.174
53.0129	156.239
53.0391	144.967
53.0654	161.86
53.0917	179.707
53.1179	181.411
53.1442	195.275
53.1705	218.01
53.1968	201.646
53.223	163.874
53.2493	140.811
53.2756	140.824
53.3018	159.308
53.3281	203.394
53.3544	280.235
53.3806	354.923
53.4069	410.791
53.4332	432.291
53.4595	372.226
53.4857	308.713
53.512	258.554
53.5383	194.306
53.5645	140.884
53.5908	117.781
53.6171	117.768
53.6433	115.893
53.6696	98.9189
53.6959	84.6273
53.7222	74.8379
53.7484	69.9582
53.7747	70.7752
53.801	74.0066
53.8272	77.866
53.8535	74.8956
53.8798	75.0867
53.906	82.0486
53.9323	91.8505
53.9586	114.108
53.9849	141.956
54.0111	151.237
54.0374	145.528
54.0637	145.96
54.0899	156.68
54.1162	153.786
54.1425	139.283
54.1687	132.1
54.195	136.67
54.2213	130.017
54.2476	111.819
54.2738	91.3658
54.3001	79.7739
54.3264	84.1934
54.3526	103.382
54.3789	122.705
54.4052	133.124
54.4314	123.985
54.4577	106.499
54.484	106.401
54.5103	125.77
54.5365	139.923
54.5628	127.539
54.5891	116.519
54.6153	115
54.6416	126.508
54.6679	146.443
54.6941	137.598
54.7204	107.28
54.7467	92.2263
54.773	96.8746
54.7992	105.272
54.8255	109.958
54.8518	121.402
54.878	127.784
54.9043	132.67
54.9306	149.733
54.9568	156.748
54.9831	152.674
55.0094	148.327
55.0357	129.58
55.0619	111.201
55.0882	91.7219
55.1145	73.6526
55.1407	62.8459
55.167	59.0121
55.1933	60.4128
55.2195	60.2064
55.2458	57.4591
55.2721	51.7799
55.2984	44.4722
55.3246	39.1089
55.3509	37.9835
55.3772	43.5767
55.4034	55.0098
55.4297	66.5669
55.456	69.9733
55.4822	69.5075
55.5085	78.4829
55.5348	95.9493
55.5611	110.582
55.5873	126.777
55.6136	142.938
55.6399	153.981
55.6661	142.759
55.6924	112.549
55.7187	79.9686
55.7449	58.4092
55.7712	47.176
55.7975	45.1006
55.8238	51.2142
55.85	63.1844
55.8763	79.3438
55.9026	108.51
55.9288	148.327
55.9551	152.223
55.9814	114.121
56.0076	82.8317
56.0339	67.1473
56.0602	61.3307
56.0865	58.5207
56.1127	54.2423
56.139	53.5417
56.1653	55.1036
56.1915	60.2729
56.2178	68.5557
56.2441	75.8925
56.2703	90.3013
56.2966	106.671
56.3229	117.093
56.3492	114.226
56.3754	109.241
56.4017	99.9103
56.428	77.4158
56.4542	56.3122
56.4805	46.1461
56.5068	45.9644
56.533	52.2317
56.5593	58.5394
56.5856	64.5108
56.6119	71.5369
56.6381	79.7601
56.6644	100.739
56.6907	137.999
56.7169	185.892
56.7432	255.381
56.7695	331.662
56.7957	319.909
56.822	230.485
56.8483	154.604
56.8746	121.62
56.9008	127.852
56.9271	163.172
56.9534	195.265
56.9796	187.497
57.0059	147.608
57.0322	105.469
57.0584	79.048
57.0847	66.5551
57.111	54.1722
57.1373	40.0877
57.1635	30.045
57.1898	24.8271
57.2161	22.3171
57.2423	19.4473
57.2686	16.4057
57.2949	14.5472
57.3211	13.7713
57.3474	13.2673
57.3737	12.8025
57.4	13.1739
57.4262	14.9641
57.4525	18.2743
57.4788	21.6656
57.505	22.1669
57.5313	23.2238
57.5576	28.9323
57.5838	40.196
57.6101	50.7602
57.6364	53.0612
57.6627	53.2006
57.6889	49.8591
57.7152	42.8974
57.7415	39.8823
57.7677	45.4337
57.794	61.7947
57.8203	81.3749
57.8465	82.335
57.8728	72.5867
57.8991	71.4594
57.9254	72.9509
57.9516	71.0905
57.9779	75.8414
58.0042	78.8608
58.0304	76.7637
58.0567	80.0099
58.083	86.908
58.1092	96.9914
58.1355	109.318
58.1618	123.422
58.1881	113.673
58.2143	81.8979
58.2406	58.2286
58.2669	49.0974
58.2931	50.2494
58.3194	55.1873
58.3457	58.4303
58.3719	57.4146
58.3982	62.0414
58.4245	78.3216
58.4508	104.515
58.477	128.692
58.5033	127.531
58.5296	102.996
58.5558	76.8982
58.5821	60.5366
58.6084	51.7445
58.6346	41.6735
58.6609	33.0091
58.6872	25.6451
58.7135	19.3274
58.7397	15.3006
58.766	13.0436
58.7923	12.0491
58.8185	12.0551
58.8448	12.9304
58.8711	14.2231
58.8973	14.8459
58.9236	15.3283
58.9499	15.8753
58.9762	16.8655
59.0024	19.457
59.0287	24.3062
59.055	31.0326
59.0812	41.0003
59.1075	57.8521
59.1338	79.8125
59.16	104.668
59.1863	116.701
59.2126	107.465
59.2389	111.52
59.2651	140.255
59.2914	161.502
59.3177	144.342
59.3439	109.423
59.3702	77.6059
59.3965	59.0528
59.4227	49.722
59.449	47.9119
59.4753	50.1395
59.5016	51.0078
59.5278	50.1258
59.5541	54.3119
59.5804	69.905
59.6066	91.3961
59.6329	104.036
59.6592	106.082
59.6854	93.116
59.7117	82.3467
59.738	87.3273
59.7643	107.23
59.7905	128.604
59.8168	126.961
59.8431	100.861
59.8693	77.3947
59.8956	62.6417
59.9219	57.9981
59.9481	60.0418
59.9744	68.1707
60.0007	81.5282
60.027	92.634
60.0532	111.417
60.0795	139.159
60.1058	152.258
60.132	152.398
60.1583	156.248
60.1846	157.318
60.2108	134.174
60.2371	106.842
60.2634	97.5633
60.2897	99.6102
60.3159	96.7674
60.3422	99.9687
60.3685	125.921
60.3947	167.389
60.421	189.503
60.4473	173.579
60.4735	133.685
60.4998	100.621
60.5261	77.7528
60.5524	64.1932
60.5786	58.0771
60.6049	58.8753
60.6312	69.2161
60.6574	84.4286
60.6837	102.197
60.71	123.514
60.7362	130.286
60.7625	107.01
60.7888	79.8318
60.8151	63.2913
60.8413	55.6035
60.8676	54.4352
60.8939	62.3421
60.9201	80.4885
60.9464	99.7386
60.9727	99.0109
60.9989	88.0443
61.0252	90.4512
61.0515	109.409
61.0778	119.727
61.104	107.022
61.1303	99.2383
61.1566	104.803
61.1828	117.968
61.2091	132.392
61.2354	139.156
61.2616	145.625
61.2879	147.121
61.3142	149.524
61.3405	148.89
61.3667	135.746
61.393	120.821
61.4193	97.7378
61.4455	79.6146
61.4718	75.131
61.4981	71.2881
61.5243	59.2396
61.5506	49.5325
61.5769	48.2231
61.6032	57.8724
61.6294	76.3699
61.6557	92.1596
61.682	89.4379
61.7082	74.2341
61.7345	65.203
61.7608	68.3918
61.787	70.0259
61.8133	63.2838
61.8396	54.048
61.8659	42.9345
61.8921	31.7355
61.9184	24.0443
61.9447	20.2563
61.9709	19.5829
61.9972	21.7414
62.0235	27.4847
62.0497	36.9867
62.076	45.3749
62.1023	47.019
62.1286	47.4774
62.1548	49.426
62.1811	56.58
62.2074	70.9596
62.2336	83.1424
62.2599	91.7996
62.2862	104.152
62.3124	98.3861
62.3387	74.8174
62.365	56.9533
62.3913	47.2794
62.4175	44.3341
62.4438	43.444
62.4701	40.9658
62.4963	42.2148
62.5226	48.5526
62.5489	58.3292
62.5751	70.3769
62.6014	90.4773
62.6277	108.459
62.654	112.501
62.6802	116.398
62.7065	125.324
62.7328	134.153
62.759	138.78
62.7853	128.656
62.8116	107.217
62.8378	87.085
62.8641	72.5651
62.8904	58.1865
62.9167	48.6242
62.9429	49.3169
62.9692	61.3003
62.9955	79.8809
63.0217	88.3927
63.048	90.0575
63.0743	97.1063
63.1005	115.212
63.1268	128.956
63.1531	115.577
63.1794	90.5708
63.2056	73.9797
63.2319	62.3932
63.2582	51.0824
63.2844	44.199
63.3107	45.2531
63.337	51.5441
63.3632	55.0972
63.3895	54.9664
63.4158	51.6553
63.4421	47.8997
63.4683	47.3822
63.4946	48.1428
63.5209	48.7568
63.5471	53.8893
63.5734	67.6202
63.5997	78.918
63.6259	68.9685
63.6522	54.752
63.6785	50.1986
63.7048	54.688
63.731	61.2685
63.7573	60.7241
63.7836	57.5335
63.8098	60.321
63.8361	70.0814
63.8624	73.1823
63.8886	73.7972
63.9149	84.565
63.9412	89.8822
63.9675	72.6838
63.9937	52.2928
64.02	43.0309
64.0463	43.8667
64.0725	46.0414
64.0988	41.338
64.1251	37.3809
64.1513	38.9172
64.1776	45.3256
64.2039	57.8147
64.2302	75.2227
64.2564	81.1251
64.2827	69.9479
64.309	60.0021
64.3352	61.658
64.3615	74.8544
64.3878	90.4761
64.414	100.082
64.4403	107.466
64.4666	113.353
64.4929	114.414
64.5191	109.545
64.5454	110.204
64.5717	113.019
64.5979	103.164
64.6242	88.5717
64.6505	76.1124
64.6767	63.6768
64.703	60.4634
64.7293	63.6065
64.7555	60.9003
64.7818	52.5688
64.8081	44.8723
64.8344	44.8111
64.8606	51.3549
64.8869	56.68
64.9132	60.7691
64.9394	62.5894
64.9657	63.3869
64.992	73.7252
65.0183	97.7905
65.0445	118.724
65.0708	108.796
65.0971	91.3694
65.1233	88.438
65.1496	98.1462
65.1759	104.583
65.2021	91.9143
65.2284	76.0165
65.2547	66.7834
65.281	57.1744
65.3072	47.1902
65.3335	43.9992
65.3598	46.7356
65.386	48.7284
65.4123	50.4759
65.4386	57.3694
65.4648	71.3871
65.4911	80.051
65.5174	77.8803
65.5436	79.9465
65.5699	78.8232
65.5962	63.0885
65.6225	48.6272
65.6487	44.3854
65.675	50.566
65.7013	65.159
65.7275	81.4797
65.7538	102.993
65.7801	129.983
65.8064	139.657
65.8326	123.462
65.8589	92.634
65.8852	70.8735
65.9114	62.7553
65.9377	58.2982
65.964	50.7051
65.9902	47.4972
66.0165	53.592
66.0428	68.9285
66.0691	85.9723
66.0953	91.6874
66.1216	91.22
66.1479	99.8984
66.1741	112.062
66.2004	120.926
66.2267	128.64
66.2529	140.328
66.2792	150.881
66.3055	157.847
66.3317	165.015
66.358	162.174
66.3843	144.423
66.4106	133.029
66.4368	135.046
66.4631	147.443
66.4894	155.043
66.5156	146.378
66.5419	123.04
66.5682	90.3565
66.5945	64.7697
66.6207	51.8495
66.647	49.5096
66.6733	57.1864
66.6995	77.1822
66.7258	108.839
66.7521	135.47
66.7783	137.645
66.8046	126.332
66.8309	132.841
66.8572	160.686
66.8834	184.006
66.9097	192.116
66.936	184.129
66.9622	160.335
66.9885	133.882
67.0148	121.141
67.041	115.309
67.0673	92.629
67.0936	66.5444
67.1198	51.1989
67.1461	46.6174
67.1724	50.2006
67.1987	61.256
67.2249	73.2709
67.2512	77.265
67.2775	77.9154
67.3037	74.7937
67.33	70.4436
67.3563	67.0706
67.3826	66.4718
67.4088	64.242
67.4351	61.9533
67.4614	64.2657
67.4876	67.9057
67.5139	71.4935
67.5402	84.0133
67.5664	107.802
67.5927	139.185
67.619	151.292
67.6453	135.099
67.6715	103.188
67.6978	73.9293
67.7241	54.6933
67.7503	44.0128
67.7766	39.5214
67.8029	42.298
67.8291	54.373
67.8554	75.3994
67.8817	93.2307
67.9079	86.6669
67.9342	66.6323
67.9605	56.034
67.9868	59.4371
68.013	74.5394
68.0393	97.2415
68.0656	114.176
68.0918	106.824
68.1181	89.3229
68.1444	79.8848
68.1707	84.7604
68.1969	94.6504
68.2232	92.2794
68.2495	91.8247
68.2757	105.729
68.302	120.563
68.3283	114.104
68.3545	88.5252
68.3808	63.7988
68.4071	52.3127
68.4334	52.9839
68.4596	61.1858
68.4859	70.1894
68.5122	71.4073
68.5384	60.0672
68.5647	47.8124
68.591	42.5457
68.6172	39.7092
68.6435	36.5262
68.6698	31.6642
68.696	27.0984
68.7223	25.0248
68.7486	25.5557
68.7749	29.2407
68.8011	38.001
68.8274	51.1216
68.8537	63.5493
68.8799	79.0643
68.9062	93.1911
68.9325	92.574
68.9588	82.116
68.985	72.933
69.0113	69.6432
69.0376	69.0587
69.0638	64.9328
69.0901	60.9505
69.1164	62.6462
69.1426	66.7243
69.1689	63.246
69.1952	52.1043
69.2215	45.0537
69.2477	47.2313
69.274	59.3611
69.3003	70.7268
69.3265	62.9958
69.3528	50.0316
69.3791	46.7823
69.4053	51.8765
69.4316	56.6521
69.4579	54.3261
69.4841	48.0183
69.5104	39.5747
69.5367	35.3939
69.563	37.8922
69.5892	48.0031
69.6155	63.552
69.6418	77.4627
69.668	86.2099
69.6943	97.6821
69.7206	115.413
69.7469	113.346
69.7731	90.2157
69.7994	69.998
69.8257	55.9705
69.8519	49.5385
69.8782	50.3643
69.9045	53.0862
69.9307	56.5542
69.957	57.3432
69.9833	57.7868
70.0096	61.6639
70.0358	67.291
70.0621	70.5212
70.0884	60.4596
70.1146	50.3897
70.1409	50.5062
70.1672	58.8473
70.1934	68.8948
70.2197	77.2607
70.246	75.5618
70.2722	63.9393
70.2985	55.5869
70.3248	52.6526
70.3511	56.2802
70.3773	67.0254
70.4036	78.0788
70.4299	88.0364
70.4561	91.742
70.4824	89.0359
70.5087	83.1589
70.535	77.1036
70.5612	72.383
70.5875	72.6299
70.6138	76.0094
70.64	70.037
70.6663	59.4
70.6926	56.1808
70.7188	63.4183
70.7451	74.7448
70.7714	81.4245
70.7977	86.8987
70.8239	84.1008
70.8502	72.6544
70.8765	63.8759
70.9027	63.5008
70.929	64.8429
70.9553	66.6627
70.9815	72.5941
71.0078	74.7602
71.0341	69.4215
71.0603	63.5731
71.0866	54.8506
71.1129	48.0648
71.1392	48.2159
71.1654	50.6092
71.1917	49.4456
71.218	49.6022
71.2442	56.1916
71.2705	67.7042
71.2968	81.9208
71.3231	99.3892
71.3493	105.91
71.3756	93.9422
71.4019	83.0183
71.4281	80.0515
71.4544	72.6283
71.4807	66.6287
71.5069	64.5305
71.5332	61.7904
71.5595	65.8544
71.5858	80.285
71.612	102.939
71.6383	112.82
71.6646	99.0014
71.6908	85.0984
71.7171	76.5687
71.7434	67.5756
71.7696	62.1021
71.7959	55.2434
71.8222	52.2632
71.8484	59.1842
71.8747	77.472
71.901	98.545
71.9273	101.262
71.9535	89.4289
71.9798	82.4914
72.0061	82.248
72.0323	78.6903
72.0586	72.9628
72.0849	72.8022
72.1112	69.7535
72.1374	64.3551
72.1637	65.9972
72.19	73.1484
72.2162	74.4845
72.2425	64.962
72.2688	50.1686
72.295	40.4223
72.3213	39.304
72.3476	45.5561
72.3739	56.0714
72.4001	62.3504
72.4264	62.378
72.4527	58.9662
72.4789	61.0559
72.5052	70.4015
72.5315	74.502
72.5577	69.9695
72.584	68.6311
72.6103	75.2506
72.6365	81.0045
72.6628	74.4237
72.6891	60.5555
72.7154	48.1687
72.7416	44.1893
72.7679	51.4592
72.7942	69.6659
72.8204	89.5101
72.8467	94.9631
72.873	90.5703
72.8993	80.0041
72.9255	58.9651
72.9518	42.6658
72.9781	36.1996
73.0043	37.851
73.0306	42.7612
73.0569	47.8441
73.0831	56.6066
73.1094	61.6278
73.1357	56.8088
73.162	50.5397
73.1882	42.8685
73.2145	35.4942
73.2408	32.3299
73.267	34.8607
73.2933	41.3681
73.3196	47.4449
73.3458	52.1921
73.3721	59.0834
73.3984	69.4773
73.4246	70.5883
73.4509	60.1443
73.4772	52.8979
73.5035	53.7151
73.5297	59.509
73.556	63.1758
73.5823	68.4466
73.6085	75.4479
73.6348	76.3114
73.6611	70.7657
73.6874	63.5832
73.7136	52.627
73.7399	45.0433
73.7662	44.9041
73.7924	48.8861
73.8187	50.4998
73.845	51.8808
73.8712	58.0956
73.8975	66.5199
73.9238	67.2006
73.9501	58.2889
73.9763	48.6918
74.0026	43.4472
74.0289	43.2373
74.0551	48.5473
74.0814	57.6459
74.1077	64.9678
74.1339	63.6214
74.1602	61.5664
74.1865	64.5926
74.2127	67.7048
74.239	65.8831
74.2653	56.9977
74.2916	49.3884
74.3178	47.8468
74.3441	49.3323
74.3704	51.8935
74.3966	56.8909
74.4229	63.2875
74.4492	57.6341
74.4755	43.8031
74.5017	35.7091
74.528	33.3247
74.5543	29.7226
74.5805	24.8508
74.6068	22.8248
74.6331	22.9875
74.6593	23.746
74.6856	26.727
74.7119	32.7585
74.7382	43.5063
74.7644	55.5364
74.7907	56.3336
74.817	46.2024
74.8432	37.9656
74.8695	36.585
74.8958	40.4417
74.922	50.9114
74.9483	64.5659
74.9746	69.6902
75.0008	67.6219
75.0271	69.5156
75.0534	77.9183
75.0797	80.1488
75.1059	68.6897
75.1322	49.3581
75.1585	35.7764
75.1847	28.2082
75.211	23.8598
75.2373	22.7521
75.2636	24.1846
75.2898	28.8058
75.3161	36.8138
75.3424	41.2039
75.3686	40.2194
75.3949	43.9603
75.4212	57.2515
75.4474	76.0633
75.4737	82.5887
75.5	76.2613
75.5263	70.369
75.5525	72.3309
75.5788	72.8462
75.6051	61.6976
75.6313	52.0518
75.6576	49.9034
75.6839	50.1238
75.7101	47.0422
75.7364	42.8812
75.7627	43.3348
75.7889	42.0112
75.8152	36.7334
75.8415	35.4059
75.8678	38.5327
75.894	45.148
75.9203	54.0598
75.9466	57.4405
75.9728	51.5813
75.9991	45.6085
76.0254	41.3096
76.0517	38.1643
76.0779	34.69
76.1042	31.2053
76.1305	31.5545
76.1567	33.8576
76.183	37.4997
76.2093	43.8346
76.2355	46.7704
76.2618	42.7205
76.2881	40.4886
76.3144	47.3344
76.3406	64.2662
76.3669	84.4962
76.3932	93.5565
76.4194	86.7218
76.4457	74.31
76.472	61.1711
76.4982	52.6326
76.5245	47.7029
76.5508	48.424
76.577	56.3833
76.6033	69.7208
76.6296	79.9289
76.6559	81.2154
76.6821	77.7757
76.7084	73.0326
76.7347	71.9063
76.7609	72.1138
76.7872	64.9394
76.8135	53.8116
76.8398	49.9809
76.866	54.0368
76.8923	55.6869
76.9186	54.6378
76.9448	58.1482
76.9711	61.8643
76.9974	59.4537
77.0236	54.7579
77.0499	50.6661
77.0762	48.091
77.1025	47.9765
77.1287	48.7292
77.155	46.2466
77.1813	36.4183
77.2075	28.0688
77.2338	24.821
77.2601	25.8184
77.2863	29.5023
77.3126	36.1195
77.3389	48.6896
77.3651	63.2761
77.3914	65.3672
77.4177	60.2075
77.444	57.6728
77.4702	54.584
77.4965	52.3608
77.5228	51.402
77.549	49.2716
77.5753	43.6884
77.6016	38.0127
77.6279	35.7222
77.6541	33.8754
77.6804	32.7153
77.7067	35.8725
77.7329	43.9934
77.7592	50.2371
77.7855	50.0252
77.8117	50.1254
77.838	45.1571
77.8643	38.5691
77.8906	36.6841
77.9168	36.079
77.9431	33.1813
77.9694	31.0197
77.9956	34.1988
78.0219	43.7694
78.0482	54.9408
78.0744	60.0569
78.1007	57.3745
78.127	51.7245
78.1532	50.4494
78.1795	54.0303
78.2058	58.6444
78.2321	58.2242
78.2583	56.291
78.2846	53.2886
78.3109	48.6873
78.3371	48.1457
78.3634	56.0384
78.3897	72.3329
78.416	86.4416
78.4422	84.6745
78.4685	70.2867
78.4948	53.6779
78.521	40.5703
78.5473	32.8592
78.5736	28.9231
78.5998	27.6657
78.6261	29.3784
78.6524	31.2904
78.6787	32.5192
78.7049	31.5127
78.7312	30.5032
78.7575	31.5931
78.7837	34.4101
78.81	41.4169
78.8363	51.8609
78.8625	58.8948
78.8888	58.0938
78.9151	56.4143
78.9413	60.6869
78.9676	62.6956
78.9939	60.2933
79.0202	57.6897
79.0464	55.8858
79.0727	54.9267
79.099	48.4437
79.1252	39.4464
79.1515	36.9387
79.1778	41.4344
79.2041	45.1847
79.2303	45.6502
79.2566	48.2673
79.2829	48.7466
79.3091	47.3644
79.3354	47.025
79.3617	44.3206
79.3879	42.0938
79.4142	43.1078
79.4405	43.335
79.4668	42.9686
79.493	43.4323
79.5193	41.7294
79.5456	39.1844
79.5718	35.7866
79.5981	31.1102
79.6244	25.0067
79.6506	21.6418
79.6769	21.2538
79.7032	23.118
79.7294	28.9234
79.7557	38.8839
79.782	45.2773
79.8083	42.1505
79.8345	37.8618
79.8608	40.2731
79.8871	47.9959
79.9133	49.5585
79.9396	44.657
79.9659	44.3412
79.9922	48.2371
80.0184	49.6845
80.0447	46.4666
80.071	41.4299
80.0972	35.8795
80.1235	30.4745
80.1498	28.7001
80.176	30.0499
80.2023	30.831
80.2286	31.7452
80.2549	33.1901
80.2811	33.1326
80.3074	31.4623
80.3337	31.7862
80.3599	35.3874
80.3862	39.7666
80.4125	36.9845
80.4387	31.003
80.465	27.1296
80.4913	26.734
80.5175	31.1755
80.5438	39.2357
80.5701	49.0043
80.5964	57.9483
80.6226	68.8308
80.6489	70.8556
80.6752	59.0839
80.7014	47.7063
80.7277	42.6864
80.754	43.4386
80.7803	44.5837
80.8065	42.3397
80.8328	45.0347
80.8591	58.0042
80.8853	74.9402
80.9116	84.1744
80.9379	82.04
80.9641	67.051
80.9904	52.9087
81.0167	45.7147
81.043	42.9022
81.0692	42.6615
81.0955	47.6645
81.1218	57.0116
81.148	56.4571
81.1743	46.037
81.2006	38.4703
81.2268	34.2334
81.2531	28.3199
81.2794	23.2501
81.3056	21.5348
81.3319	20.1968
81.3582	17.8512
81.3845	16.4438
81.4107	15.1826
81.437	14.7377
81.4633	16.4322
81.4895	19.6237
81.5158	23.104
81.5421	24.2721
81.5684	23.0675
81.5946	22.9512
81.6209	24.2476
81.6472	26.5722
81.6734	31.8219
81.6997	41.5687
81.726	52.9257
81.7522	60.5895
81.7785	65.0782
81.8048	63.3408
81.8311	58.6153
81.8573	54.1381
81.8836	49.7381
81.9099	41.2293
81.9361	32.7421
81.9624	29.7698
81.9887	31.5488
82.0149	37.7504
82.0412	45.9304
82.0675	47.8585
82.0938	45.398
82.12	39.0725
82.1463	30.2186
82.1726	25.2105
82.1988	25.8688
82.2251	31.1764
82.2514	38.891
82.2776	44.4363
82.3039	49.2592
82.3302	53.2547
82.3565	49.3099
82.3827	37.5015
82.409	28.0536
82.4353	24.7432
82.4615	26.5514
82.4878	33.0771
82.5141	45.8074
82.5403	63.1646
82.5666	74.6694
82.5929	73.3676
82.6192	67.4974
82.6454	64.4657
82.6717	60.2943
82.698	54.9158
82.7242	47.9575
82.7505	43.8463
82.7768	46.4125
82.803	50.6671
82.8293	49.9525
82.8556	44.8449
82.8819	39.9365
82.9081	37.9911
82.9344	38.583
82.9607	40.9708
82.9869	44.7635
83.0132	47.1984
83.0395	48.0599
83.0657	48.0615
83.092	48.13
83.1183	54.0322
83.1446	60.8576
83.1708	57.8013
83.1971	53.1552
83.2234	50.842
83.2496	45.8911
83.2759	40.1388
83.3022	36.9307
83.3284	34.7162
83.3547	33.0597
83.381	28.1647
83.4073	23.3458
83.4335	21.6897
83.4598	23.6128
83.4861	29.0947
83.5123	37.0551
83.5386	42.1449
83.5649	43.1855
83.5911	42.7982
83.6174	43.2338
83.6437	43.3618
83.67	42.3552
83.6962	40.7155
83.7225	35.8094
83.7488	31.6255
83.775	29.9204
83.8013	30.5105
83.8276	32.3034
83.8538	30.2592
83.8801	24.5832
83.9064	19.2615
83.9327	16.068
83.9589	15.9974
83.9852	18.8476
84.0115	22.6583
84.0377	24.92
84.064	24.2613
84.0903	21.3006
84.1165	18.2527
84.1428	16.8975
84.1691	18.9203
84.1954	25.2848
84.2216	34.0539
84.2479	40.0637
84.2742	46.0634
84.3004	48.6571
84.3267	42.6072
84.353	33.9485
84.3792	27.6673
84.4055	27.5979
84.4318	32.9329
84.4581	35.3315
84.4843	29.0872
84.5106	22.0115
84.5369	17.8352
84.5631	16.509
84.5894	17.1374
84.6157	18.0973
84.6419	19.5515
84.6682	20.5695
84.6945	18.9087
84.7208	17.4075
84.747	18.5714
84.7733	21.9494
84.7996	26.0756
84.8258	29.1432
84.8521	32.1141
84.8784	37.4793
84.9046	38.1977
84.9309	31.8338
84.9572	23.1097
84.9835	17.3188
85.0097	15.0759
85.036	14.3755
85.0623	14.6504
85.0885	15.4361
85.1148	16.5048
85.1411	18.6166
85.1673	23.1998
85.1936	31.4372
85.2199	41.9244
85.2462	47.1532
85.2724	46.8109
85.2987	43.6973
85.325	39.6956
85.3512	36.6827
85.3775	32.2875
85.4038	29.0532
85.43	30.1581
85.4563	31.2791
85.4826	30.4307
85.5089	29.984
85.5351	28.4038
85.5614	28.1533
85.5877	30.2982
85.6139	33.0941
85.6402	36.183
85.6665	37.871
85.6927	33.1672
85.719	25.8297
85.7453	22.8592
85.7716	25.132
85.7978	29.8402
85.8241	32.5045
85.8504	34.5116
85.8766	41.2654
85.9029	52.0833
85.9292	55.324
85.9554	47.9671
85.9817	39.328
86.008	34.519
86.0343	30.3102
86.0605	27.2816
86.0868	27.0501
86.1131	30.1388
86.1393	36.3033
86.1656	46.4837
86.1919	53.2515
86.2181	45.4665
86.2444	34.4321
86.2707	29.4456
86.297	29.791
86.3232	29.099
86.3495	24.0622
86.3758	20.7131
86.402	20.3957
86.4283	19.8295
86.4546	18.8986
86.4808	20.6021
86.5071	25.5899
86.5334	28.67
86.5597	25.7499
86.5859	22.6649
86.6122	19.507
86.6385	17.0312
86.6647	17.7461
86.691	21.4566
86.7173	23.916
86.7435	22.6434
86.7698	20.1487
86.7961	19.551
86.8224	21.3841
86.8486	22.3184
86.8749	20.7382
86.9012	17.4328
86.9274	13.4084
86.9537	11.0726
86.98	10.8171
87.0062	12.0829
87.0325	14.1611
87.0588	17.0723
87.0851	20.9263
87.1113	26.4732
87.1376	33.6356
87.1639	39.8594
87.1901	47.4999
87.2164	53.3852
87.2427	47.5138
87.2689	34.1736
87.2952	23.2251
87.3215	17.216
87.3478	15.3323
87.374	16.7733
87.4003	20.4486
87.4266	24.4184
87.4528	27.8721
87.4791	30.974
87.5054	31.6852
87.5316	29.9907
87.5579	28.5739
87.5842	28.9021
87.6105	32.7055
87.6367	39.6677
87.663	41.8393
87.6893	35.6621
87.7155	28.982
87.7418	25.2801
87.7681	22.0323
87.7943	18.3962
87.8206	14.9067
87.8469	12.0525
87.8732	11.0201
87.8994	11.6932
87.9257	14.0557
87.952	18.7051
87.9782	25.5106
88.0045	30.1316
88.0308	26.8327
88.057	21.2998
88.0833	18.2868
88.1096	16.277
88.1359	15.1365
88.1621	16.2395
88.1884	20.3786
88.2147	26.1415
88.2409	32.5393
88.2672	34.3008
88.2935	26.055
88.3197	16.7117
88.346	10.8895
88.3723	8.00793
88.3986	6.8686
88.4248	6.79172
88.4511	7.59164
88.4774	9.46928
88.5036	12.3949
88.5299	15.0585
88.5562	15.9922
88.5824	14.9851
88.6087	12.8816
88.635	10.9934
88.6613	10.3397
88.6875	10.2568
88.7138	10.425
88.7401	11.8785
88.7663	14.8607
88.7926	18.046
88.8189	17.684
88.8451	15.1453
88.8714	13.7594
88.8977	13.9181
88.924	14.4425
88.9502	15.4815
88.9765	18.2677
89.0028	20.8074
89.029	19.7115
89.0553	16.7144
89.0816	14.3387
89.1078	13.3068
89.1341	12.3329
89.1604	11.451
89.1867	12.686
89.2129	17.0447
89.2392	23.9845
89.2655	28.7698
89.2917	26.1326
89.318	21.1219
89.3443	18.9502
89.3705	20.3553
89.3968	24.7569
89.4231	29.2501
89.4494	30.5358
89.4756	27.6709
89.5019	23.7993
89.5282	22.7482
89.5544	25.5924
89.5807	31.4659
89.607	36.2862
89.6332	35.5829
89.6595	34.0956
89.6858	35.0483
89.7121	35.2618
89.7383	36.2447
89.7646	37.4791
89.7909	35.3992
89.8171	33.4278
89.8434	33.274
89.8697	33.5036
89.8959	32.6052
89.9222	30.4807
89.9485	29.9527
89.9748	31.0348
90.001	30.6689
